{
  "exp1": {
    "units": {
      "en": 186367,
      "hi": 88359,
      "te": 36292,
      "kn": 12293
    },
    "tokens": {
      "en": 95249,
      "hi": 153208,
      "te": 65149,
      "kn": 21272
    },
    "ratios": {
      "en": 0.511082970697602,
      "hi": 1.7339263685646058,
      "te": 1.795133913810206,
      "kn": 1.7304156837224436
    },
    "spread": 1.2840509431126041,
    "score": 778.7853008198799,
    "vocab": 10000
  },
  "exp2": {
    "units": {
      "en": 186367,
      "hi": 88359,
      "te": 36292,
      "kn": 12293
    },
    "tokens": {
      "en": 111759,
      "hi": 54454,
      "te": 25561,
      "kn": 10617
    },
    "ratios": {
      "en": 0.5996716156830341,
      "hi": 0.616281306941002,
      "te": 0.7043150005510856,
      "kn": 0.863662246807126
    },
    "spread": 0.26399063112409193,
    "score": 3788.013217521868,
    "vocab": 10000
  },
  "exp3a": {
    "units": {
      "en": 186367,
      "hi": 88359,
      "te": 36292,
      "kn": 12293
    },
    "tokens": {
      "en": 120872,
      "hi": 50610,
      "te": 23674,
      "kn": 9811
    },
    "ratios": {
      "en": 0.6485697575214496,
      "hi": 0.5727769666926968,
      "te": 0.6523200705389618,
      "kn": 0.7980964776702189
    },
    "spread": 0.225319510977522,
    "score": 4438.142066178018,
    "vocab": 10000
  },
  "exp3a1": {
    "units": {
      "en": 186367,
      "hi": 88359,
      "te": 36292,
      "kn": 12293
    },
    "tokens": {
      "en": 121722,
      "hi": 60631,
      "te": 21905,
      "kn": 6739
    },
    "ratios": {
      "en": 0.6531306508126439,
      "hi": 0.6861892959404249,
      "te": 0.6035765457952166,
      "kn": 0.5481981615553567
    },
    "spread": 0.13799113438506816,
    "score": 7246.842374738885,
    "vocab": 10000
  },
  "exp3a2": {
    "units": {
      "en": 186367,
      "hi": 88359,
      "te": 36292,
      "kn": 12293
    },
    "tokens": {
      "en": 118098,
      "hi": 57834,
      "te": 23115,
      "kn": 7676
    },
    "ratios": {
      "en": 0.6336851481217168,
      "hi": 0.6545343428513224,
      "te": 0.636917226937066,
      "kn": 0.624420401854714
    },
    "spread": 0.030113940996608357,
    "score": 33207.21124188385,
    "vocab": 10000
  },
  "exp3b": {
    "units": {
      "en": 186367,
      "hi": 88359,
      "te": 36292,
      "kn": 12293
    },
    "tokens": {
      "en": 139934,
      "hi": 65811,
      "te": 29646,
      "kn": 9755
    },
    "ratios": {
      "en": 0.7508518138940907,
      "hi": 0.7448137710929277,
      "te": 0.8168742422572468,
      "kn": 0.7935410396160416
    },
    "spread": 0.07206047116431913,
    "score": 13877.233715551278,
    "vocab": 7997
  }
}